Date,Open,Close
2019-01-02,3.2660000324249268,3.4054999351501465
2019-01-03,3.344749927520752,3.1997499465942383
2019-01-04,3.2734999656677246,3.404750108718872
2019-01-07,3.4625000953674316,3.5850000381469727
2019-01-08,3.667249917984009,3.4957499504089355
2019-01-09,3.547499895095825,3.564500093460083
2019-01-10,3.5450000762939453,3.6307499408721924
2019-01-11,3.6082499027252197,3.720750093460083
2019-01-14,3.6679999828338623,3.760999917984009
2019-01-15,3.7939999103546143,3.7467501163482666
2019-01-16,3.774250030517578,3.7209999561309814
2019-01-17,3.6877501010894775,3.7929999828338623
2019-01-18,3.843250036239624,3.9232499599456787
2019-01-22,3.8927500247955322,3.719249963760376
2019-01-23,3.7750000953674316,3.7322499752044678
2019-01-24,3.817500114440918,3.946000099182129
2019-01-25,3.885999917984009,4.003749847412109
2019-01-28,3.413749933242798,3.4502499103546143
2019-01-29,3.403749942779541,3.2899999618530273
2019-01-30,3.3667500019073486,3.4347500801086426
2019-01-31,3.43149995803833,3.59375
2019-02-01,3.612499952316284,3.6182498931884766
2019-02-04,3.6342499256134033,3.7295000553131104
2019-02-05,3.741499900817871,3.7487499713897705
2019-02-06,3.782249927520752,3.825000047683716
2019-02-07,3.778249979019165,3.685499906539917
2019-02-08,3.6177499294281006,3.7042500972747803
2019-02-11,3.659749984741211,3.661250114440918
2019-02-12,3.700000047683716,3.779249906539917
2019-02-13,3.809000015258789,3.822000026702881
2019-02-14,3.821000099182129,3.8632500171661377
2019-02-15,4.073750019073486,3.933500051498413
2019-02-19,3.9227499961853027,3.9159998893737793
2019-02-20,3.945499897003174,3.963749885559082
2019-02-21,3.9765000343322754,3.89424991607666
2019-02-22,3.946500062942505,3.979749917984009
2019-02-25,4.064000129699707,3.967250108718872
2019-02-26,3.9625000953674316,3.927500009536743
2019-02-27,3.9130001068115234,3.8852500915527344
2019-02-28,3.875,3.8564999103546143
2019-03-01,3.906749963760376,3.911250114440918
2019-03-04,3.950000047683716,3.9195001125335693
2019-03-05,3.903749942779541,3.9130001068115234
2019-03-06,3.9040000438690186,3.8012499809265137
2019-03-07,3.7774999141693115,3.7314999103546143
2019-03-08,3.6414999961853027,3.7660000324249268
2019-03-11,3.789750099182129,4.028500080108643
2019-03-12,4.05649995803833,4.063000202178955
2019-03-13,4.100749969482422,4.2154998779296875
2019-03-14,4.22475004196167,4.138999938964844
2019-03-15,4.182499885559082,4.245250225067139
2019-03-18,4.2769999504089355,4.223750114440918
2019-03-19,4.318999767303467,4.392749786376953
2019-03-20,4.421999931335449,4.360000133514404
2019-03-21,4.3832502365112305,4.598499774932861
2019-03-22,4.571000099182129,4.4375
2019-03-25,4.396500110626221,4.3445000648498535
2019-03-26,4.487249851226807,4.421750068664551
2019-03-27,4.447500228881836,4.412499904632568
2019-03-28,4.43874979019165,4.431250095367432
2019-03-29,4.498499870300293,4.488999843597412
2019-04-01,4.581500053405762,4.557000160217285
2019-04-02,4.581250190734863,4.574999809265137
2019-04-03,4.625,4.7154998779296875
2019-04-04,4.699999809265137,4.706500053405762
2019-04-05,4.75,4.773749828338623
2019-04-08,4.743000030517578,4.794750213623047
2019-04-09,4.761000156402588,4.731500148773193
2019-04-10,4.73075008392334,4.802499771118164
2019-04-11,4.804999828338623,4.78849983215332
2019-04-12,4.827499866485596,4.750249862670898
2019-04-15,4.742499828338623,4.617499828338623
2019-04-16,4.6570000648498535,4.705249786376953
2019-04-17,4.740499973297119,4.682250022888184
2019-04-18,4.689000129699707,4.65749979019165
2019-04-22,4.633749961853027,4.711750030517578
2019-04-23,4.724999904632568,4.766749858856201
2019-04-24,4.777249813079834,4.779250144958496
2019-04-25,4.738749980926514,4.672749996185303
2019-04-26,4.517749786376953,4.452250003814697
2019-04-29,4.460249900817871,4.483250141143799
2019-04-30,4.45074987411499,4.525000095367432
2019-05-01,4.577750205993652,4.511750221252441
2019-05-02,4.521500110626221,4.579750061035156
2019-05-03,4.588250160217285,4.575250148773193
2019-05-06,4.387499809265137,4.496250152587891
2019-05-07,4.447500228881836,4.327750205993652
2019-05-08,4.300000190734863,4.3480000495910645
2019-05-09,4.278500080108643,4.254749774932861
2019-05-10,4.223750114440918,4.2204999923706055
2019-05-13,4.087500095367432,3.961250066757202
2019-05-14,4.00124979019165,4.051000118255615
2019-05-15,3.994999885559082,3.989500045776367
2019-05-16,3.9839999675750732,4.004749774932861
2019-05-17,3.9625000953674316,3.913249969482422
2019-05-20,3.8137500286102295,3.793750047683716
2019-05-21,3.8550000190734863,3.876499891281128
2019-05-22,3.8375000953674316,3.805000066757202
2019-05-23,3.7422499656677246,3.683000087738037
2019-05-24,3.7019999027252197,3.6287500858306885
2019-05-28,3.6465001106262207,3.583250045776367
2019-05-29,3.535249948501587,3.508500099182129
2019-05-30,3.5077500343322754,3.477750062942505
2019-05-31,3.428499937057495,3.3864998817443848
2019-06-03,3.397749900817871,3.3445000648498535
2019-06-04,3.4089999198913574,3.575000047683716
2019-06-05,3.649250030517578,3.5320000648498535
2019-06-06,3.536250114440918,3.5945000648498535
2019-06-07,3.6005001068115234,3.637500047683716
2019-06-10,3.694000005722046,3.710750102996826
2019-06-11,3.7709999084472656,3.768749952316284
2019-06-12,3.7249999046325684,3.6549999713897705
2019-06-13,3.6772499084472656,3.7065000534057617
2019-06-14,3.6127500534057617,3.615999937057495
2019-06-17,3.6142499446868896,3.6257500648498535
2019-06-18,3.6875,3.822000026702881
2019-06-19,3.8575000762939453,3.828000068664551
2019-06-20,3.919250011444092,3.8524999618530273
2019-06-21,3.8375000953674316,3.7939999103546143
2019-06-24,3.815500020980835,3.816499948501587
2019-06-25,3.821500062942505,3.7869999408721924
2019-06-26,3.915250062942505,3.9814999103546143
2019-06-27,4.067749977111816,4.080749988555908
2019-06-28,4.125,4.10575008392334
2019-07-01,4.3142499923706055,4.154250144958496
2019-07-02,4.137499809265137,4.055749893188477
2019-07-03,4.079249858856201,4.068749904632568
2019-07-05,4.010000228881836,4.0057501792907715
2019-07-08,3.9457499980926514,3.9302499294281006
2019-07-09,3.8877499103546143,3.9327499866485596
2019-07-10,3.9765000343322754,4.001500129699707
2019-07-11,4.074999809265137,4.1570000648498535
2019-07-12,4.184999942779541,4.190249919891357
2019-07-15,4.21150016784668,4.1817498207092285
2019-07-16,4.166749954223633,4.177000045776367
2019-07-17,4.178750038146973,4.24275016784668
2019-07-18,4.2532501220703125,4.254499912261963
2019-07-19,4.293000221252441,4.210999965667725
2019-07-22,4.232500076293945,4.2829999923706055
2019-07-23,4.322500228881836,4.391499996185303
2019-07-24,4.434999942779541,4.4664998054504395
2019-07-25,4.424749851226807,4.334499835968018
2019-07-26,4.36175012588501,4.3767499923706055
2019-07-29,4.369500160217285,4.370500087738037
2019-07-30,4.323750019073486,4.386250019073486
2019-07-31,4.354499816894531,4.2179999351501465
2019-08-01,4.228499889373779,4.123000144958496
2019-08-02,4.029749870300293,4.029749870300293
2019-08-05,3.8450000286102295,3.7697501182556152
2019-08-06,3.8450000286102295,3.8087499141693115
2019-08-07,3.747499942779541,3.847249984741211
2019-08-08,3.905250072479248,3.9565000534057617
2019-08-09,3.915250062942505,3.8545000553131104
2019-08-12,3.802000045776367,3.786250114440918
2019-08-13,3.784749984741211,3.901249885559082
2019-08-14,3.8125,3.7517499923706055
2019-08-15,3.770750045776367,3.719249963760376
2019-08-16,3.983750104904175,3.989000082015991
2019-08-19,4.103000164031982,4.269499778747559
2019-08-20,4.263999938964844,4.196750164031982
2019-08-21,4.26324987411499,4.280749797821045
2019-08-22,4.290500164031982,4.2870001792907715
2019-08-23,4.210000038146973,4.060999870300293
2019-08-26,4.140250205993652,4.136250019073486
2019-08-27,4.174749851226807,4.045000076293945
2019-08-28,4.014500141143799,4.0304999351501465
2019-08-29,4.122499942779541,4.175000190734863
2019-08-30,4.221499919891357,4.187749862670898
2019-09-03,4.114500045776367,4.104249954223633
2019-09-04,4.165249824523926,4.218999862670898
2019-09-05,4.321750164031982,4.493500232696533
2019-09-06,4.46999979019165,4.466249942779541
2019-09-09,4.497499942779541,4.512499809265137
2019-09-10,4.479499816894531,4.579500198364258
2019-09-11,4.594250202178955,4.608250141143799
2019-09-12,4.65500020980835,4.606750011444092
2019-09-13,4.539750099182129,4.548500061035156
2019-09-16,4.4730000495910645,4.505249977111816
2019-09-17,4.51200008392334,4.526750087738037
2019-09-18,4.519750118255615,4.499499797821045
2019-09-19,4.505499839782715,4.423500061035156
2019-09-20,4.422500133514404,4.317249774932861
2019-09-23,4.317500114440918,4.370999813079834
2019-09-24,4.402500152587891,4.3132500648498535
2019-09-25,4.312749862670898,4.455749988555908
2019-09-26,4.446000099182129,4.433499813079834
2019-09-27,4.391499996185303,4.294000148773193
2019-09-30,4.320000171661377,4.351749897003174
2019-10-01,4.375,4.349999904632568
2019-10-02,4.328000068664551,4.326000213623047
2019-10-03,4.33050012588501,4.532750129699707
2019-10-04,4.534999847412109,4.54925012588501
2019-10-07,4.614500045776367,4.608250141143799
2019-10-08,4.515999794006348,4.430749893188477
2019-10-09,4.507999897003174,4.517749786376953
2019-10-10,4.515500068664551,4.57574987411499
2019-10-11,4.660250186920166,4.649750232696533
2019-10-14,4.640999794006348,4.663249969482422
2019-10-15,4.754000186920166,4.909249782562256
2019-10-16,4.875,4.855249881744385
2019-10-17,4.900000095367432,4.857250213623047
2019-10-18,4.857749938964844,4.762249946594238
2019-10-21,4.823999881744385,4.90024995803833
2019-10-22,4.957499980926514,4.890250205993652
2019-10-23,4.807750225067139,4.8772501945495605
2019-10-24,4.918749809265137,4.921500205993652
2019-10-25,5.002500057220459,5.113500118255615
2019-10-28,5.15749979019165,5.169750213623047
2019-10-29,5.155749797821045,5.072999954223633
2019-10-30,5.099999904632568,5.074999809265137
2019-10-31,5.053999900817871,5.0254998207092285
2019-11-01,4.989999771118164,5.0647501945495605
2019-11-04,5.146249771118164,5.262499809265137
2019-11-05,5.262249946594238,5.240250110626221
2019-11-06,5.216000080108643,5.1907501220703125
2019-11-07,5.277750015258789,5.208499908447266
2019-11-08,5.191500186920166,5.194499969482422
2019-11-11,5.193749904632568,5.204500198364258
2019-11-12,5.243000030517578,5.240250110626221
2019-11-13,5.208749771118164,5.214250087738037
2019-11-14,5.223249912261963,5.244750022888184
2019-11-15,5.242499828338623,5.104750156402588
2019-11-18,5.097249984741211,5.307000160217285
2019-11-19,5.275750160217285,5.199749946594238
2019-11-20,5.176750183105469,5.2795000076293945
2019-11-21,5.275000095367432,5.254499912261963
2019-11-22,5.277249813079834,5.272250175476074
2019-11-25,5.401000022888184,5.530250072479248
2019-11-26,5.512499809265137,5.425000190734863
2019-11-27,5.466750144958496,5.455999851226807
2019-11-29,5.425000190734863,5.418499946594238
2019-12-02,5.411499977111816,5.231249809265137
2019-12-03,5.046750068664551,5.191500186920166
2019-12-04,5.2754998207092285,5.235499858856201
2019-12-05,5.257500171661377,5.218500137329102
2019-12-06,5.288000106811523,5.3042497634887695
2019-12-09,5.28125,5.3042497634887695
2019-12-10,5.334499835968018,5.3495001792907715
2019-12-11,5.360000133514404,5.433499813079834
2019-12-12,5.4045000076293945,5.601749897003174
2019-12-13,5.604750156402588,5.59975004196167
2019-12-16,5.647500038146973,5.628749847412109
2019-12-17,5.647500038146973,5.707250118255615
2019-12-18,5.742249965667725,5.737750053405762
2019-12-19,5.772500038146973,5.886499881744385
2019-12-20,5.953249931335449,5.984250068664551
2019-12-23,6.013000011444092,5.9704999923706055
2019-12-24,5.954999923706055,5.9654998779296875
2019-12-26,5.968999862670898,5.979750156402588
2019-12-27,5.994999885559082,5.921750068664551
2019-12-30,5.899750232696533,5.808000087738037
2019-12-31,5.772500038146973,5.882500171661377
2020-01-02,5.96875,5.9977498054504395
2020-01-03,5.877500057220459,5.901750087738037
2020-01-06,5.808000087738037,5.926499843597412
2020-01-07,5.954999923706055,5.9982500076293945
2020-01-08,5.99399995803833,6.009500026702881
2020-01-09,6.096250057220459,6.075500011444092
2020-01-10,6.1832499504089355,6.107999801635742
2020-01-13,6.191500186920166,6.299499988555908
2020-01-14,6.256499767303467,6.182000160217285
2020-01-15,6.19474983215332,6.139249801635742
2020-01-16,6.192999839782715,6.223249912261963
2020-01-17,6.242499828338623,6.23199987411499
2020-01-21,6.195250034332275,6.198500156402588
2020-01-22,6.24399995803833,6.252749919891357
2020-01-23,6.293000221252441,6.321499824523926
2020-01-24,6.4375,6.26200008392334
2020-01-27,5.955999851226807,6.005000114440918
2020-01-28,6.071249961853027,6.199250221252441
2020-01-29,6.184750080108643,6.138500213623047
2020-01-30,6.040249824523926,6.145249843597412
2020-01-31,6.099249839782715,5.910749912261963
2020-02-03,5.892499923706055,6.0082502365112305
2020-02-04,6.150750160217285,6.178249835968018
2020-02-05,6.299749851226807,6.269000053405762
2020-02-06,6.303500175476074,6.356249809265137
2020-02-07,6.315999984741211,6.289750099182129
2020-02-10,6.3125,6.574250221252441
2020-02-11,6.683000087738037,6.697249889373779
2020-02-12,6.750249862670898,6.813499927520752
2020-02-13,6.755249977111816,6.769499778747559
2020-02-14,7.18149995803833,7.244750022888184
2020-02-18,7.140999794006348,7.414249897003174
2020-02-19,7.53725004196167,7.867499828338623
2020-02-20,7.819250106811523,7.71750020980835
2020-02-21,7.604750156402588,7.351749897003174
2020-02-24,6.754749774932861,6.831999778747559
2020-02-25,6.90749979019165,6.551249980926514
2020-02-26,6.551499843597412,6.691249847412109
2020-02-27,6.372499942779541,6.315000057220459
2020-02-28,6.061500072479248,6.7517499923706055
2020-03-02,6.922500133514404,6.910749912261963
2020-03-03,6.966750144958496,6.647250175476074
2020-03-04,6.755000114440918,7.112750053405762
2020-03-05,6.912499904632568,6.832250118255615
2020-03-06,6.6519999504089355,6.651000022888184
2020-03-09,5.997499942779541,6.136000156402588
2020-03-10,6.41349983215332,6.5269999504089355
2020-03-11,6.386499881744385,6.161749839782715
2020-03-12,5.636499881744385,5.407750129699707
2020-03-13,5.762499809265137,6.020999908447266
2020-03-16,5.3102498054504395,4.909999847412109
2020-03-17,5.022749900817871,5.4317498207092285
2020-03-18,5.002500057220459,5.070499897003174
2020-03-19,5.048999786376953,5.324250221252441
2020-03-20,5.474999904632568,5.143750190734863
2020-03-23,5.142749786376953,5.317249774932861
2020-03-24,5.724999904632568,6.229499816894531
2020-03-25,6.34499979019165,6.140500068664551
2020-03-26,6.348499774932861,6.431000232696533
2020-03-27,6.25,6.3182501792907715
2020-03-30,6.383999824523926,6.639750003814697
2020-03-31,6.679999828338623,6.590000152587891
2020-04-01,6.391250133514404,6.076749801635742
2020-04-02,6.105999946594238,6.386750221252441
2020-04-03,6.348999977111816,6.097750186920166
2020-04-06,6.38100004196167,6.710000038146973
2020-04-07,6.932499885559082,6.475749969482422
2020-04-08,6.585249900817871,6.673749923706055
2020-04-09,6.800000190734863,6.573750019073486
2020-04-13,6.513750076293945,6.746250152587891
2020-04-14,6.875,7.098750114440918
2020-04-15,6.929999828338623,7.020999908447266
2020-04-16,7.177000045776367,7.367499828338623
2020-04-17,7.449999809265137,7.308000087738037
2020-04-20,7.181000232696533,7.176249980926514
2020-04-21,7.057750225067139,6.737750053405762
2020-04-22,6.930749893188477,7.153749942779541
2020-04-23,7.196000099182129,7.100249767303467
2020-04-24,7.090000152587891,7.239749908447266
2020-04-27,7.374750137329102,7.427000045776367
2020-04-28,7.574999809265137,7.283999919891357
2020-04-29,7.419250011444092,7.46150016784668
2020-04-30,7.407249927520752,7.307000160217285
2020-05-01,7.108749866485596,7.069499969482422
2020-05-04,7.021999835968018,7.282249927520752
2020-05-05,7.386750221252441,7.343500137329102
2020-05-06,7.423250198364258,7.44474983215332
2020-05-07,7.584499835968018,7.6217498779296875
2020-05-08,7.693749904632568,7.8125
2020-05-11,7.807499885559082,8.065500259399414
2020-05-12,8.123499870300293,7.802499771118164
2020-05-13,7.917500019073486,7.78000020980835
2020-05-14,7.841750144958496,8.030500411987305
2020-05-15,7.889750003814697,8.490750312805176
2020-05-18,8.760499954223633,8.750249862670898
2020-05-19,8.790249824523926,8.805500030517578
2020-05-20,8.991000175476074,8.970000267028809
2020-05-21,9.05150032043457,8.775250434875488
2020-05-22,8.825249671936035,9.026249885559082
2020-05-26,9.156749725341797,8.71774959564209
2020-05-27,8.625,8.525250434875488
2020-05-28,8.412249565124512,8.487000465393066
2020-05-29,8.554499626159668,8.875499725341797
2020-06-01,8.833250045776367,8.806249618530273
2020-06-02,8.796250343322754,8.825249671936035
2020-06-03,8.822250366210938,8.769499778747559
2020-06-04,8.727999687194824,8.766500473022461
2020-06-05,8.794500350952148,8.920000076293945
2020-06-08,8.877249717712402,8.805000305175781
2020-06-09,8.800000190734863,9.045999526977539
2020-06-10,9.167750358581543,9.36674976348877
2020-06-11,9.149999618530273,8.796250343322754
2020-06-12,9.162500381469727,8.932499885559082
2020-06-15,8.815250396728516,9.173749923706055
2020-06-16,9.225000381469727,9.068499565124512
2020-06-17,9.113750457763672,9.236000061035156
2020-06-18,9.22700023651123,9.218000411987305
2020-06-19,9.242500305175781,9.261249542236328
2020-06-22,9.300000190734863,9.526749610900879
2020-06-23,9.550999641418457,9.449999809265137
2020-06-24,9.476249694824219,9.23550033569336
2020-06-25,9.35575008392334,9.489999771118164
2020-06-26,9.5,9.154999732971191
2020-06-29,9.169750213623047,9.199999809265137
2020-06-30,9.314000129699707,9.497750282287598
2020-07-01,9.520750045776367,9.529999732971191
2020-07-02,9.638999938964844,9.612250328063965
2020-07-06,9.74174976348877,9.839249610900879
2020-07-07,9.946249961853027,9.871749877929688
2020-07-08,9.993749618530273,10.215999603271484
2020-07-09,10.380249977111816,10.508999824523926
2020-07-10,10.588749885559082,10.479249954223633
2020-07-13,10.595000267028809,10.052249908447266
2020-07-14,10.074999809265137,10.376999855041504
2020-07-15,10.414250373840332,10.227250099182129
2020-07-16,10.015000343322754,10.134750366210938
2020-07-17,10.225500106811523,10.201499938964844
2020-07-20,10.274250030517578,10.510749816894531
2020-07-21,10.512999534606934,10.328499794006348
2020-07-22,10.367500305175781,10.438750267028809
2020-07-23,10.449999809265137,10.12975025177002
2020-07-24,9.875,10.194499969482422
2020-07-27,10.232250213623047,10.421500205993652
2020-07-28,10.374250411987305,10.215499877929688
2020-07-29,10.39074993133545,10.465499877929688
2020-07-30,10.375,10.61400032043457
2020-07-31,10.563249588012695,10.614749908447266
2020-08-03,10.732500076293945,11.010250091552734
2020-08-04,11.050000190734863,11.227749824523926
2020-08-05,11.244000434875488,11.286749839782715
2020-08-06,11.349749565124512,11.33549976348877
2020-08-07,11.3125,11.19950008392334
2020-08-10,11.334250450134277,11.164999961853027
2020-08-11,11.073749542236328,10.850000381469727
2020-08-12,10.990750312805176,11.440250396728516
2020-08-13,11.545999526977539,11.442999839782715
2020-08-14,11.529999732971191,11.564000129699707
2020-08-17,11.851249694824219,12.336999893188477
2020-08-18,12.449999809265137,12.260749816894531
2020-08-19,12.296500205993652,12.138500213623047
2020-08-20,11.975000381469727,12.140999794006348
2020-08-21,12.201749801635742,12.683500289916992
2020-08-24,12.883749961853027,12.720250129699707
2020-08-25,12.630749702453613,12.75
2020-08-26,12.799249649047852,12.77299976348877
2020-08-27,12.781499862670898,12.628250122070312
2020-08-28,12.675000190734863,13.147749900817871
2020-08-31,13.18274974822998,13.374500274658203
2020-09-01,13.479999542236328,13.821000099182129
2020-09-02,14.703749656677246,14.346500396728516
2020-09-03,13.828749656677246,13.01550006866455
2020-09-04,12.7837495803833,12.6225004196167
2020-09-08,11.73449993133545,11.913000106811523
2020-09-09,12.399999618530273,12.71500015258789
2020-09-10,12.989250183105469,12.311750411987305
2020-09-11,12.48550033569336,12.16450023651123
2020-09-14,13.081000328063965,12.872249603271484
2020-09-15,13.279999732971191,12.991000175476074
2020-09-16,12.957249641418457,12.51449966430664
2020-09-17,12.13224983215332,12.463500022888184
2020-09-18,12.59375,12.189249992370605
2020-09-21,11.925000190734863,12.517250061035156
2020-09-22,12.574999809265137,12.637749671936035
2020-09-23,12.575499534606934,12.123749732971191
2020-09-24,12.072250366210938,12.347999572753906
2020-09-25,12.447500228881836,12.873749732971191
2020-09-28,13.040249824523926,13.03499984741211
2020-09-29,12.9375,13.225749969482422
2020-09-30,13.157500267028809,13.530500411987305
2020-10-01,13.758000373840332,13.614500045776367
2020-10-02,13.225000381469727,13.062250137329102
2020-10-05,13.236000061035156,13.642499923706055
2020-10-06,13.829999923706055,13.736499786376953
2020-10-07,13.999750137329102,13.96399974822998
2020-10-08,14.074999809265137,13.838749885559082
2020-10-09,13.767000198364258,13.762749671936035
2020-10-12,13.989500045776367,14.22599983215332
2020-10-13,14.296500205993652,14.248250007629395
2020-10-14,14.290499687194824,14.095250129699707
2020-10-15,13.810750007629395,13.970000267028809
2020-10-16,14.036749839782715,13.81149959564209
2020-10-19,13.902999877929688,13.497750282287598
2020-10-20,13.583499908447266,13.645500183105469
2020-10-21,13.625,13.524749755859375
2020-10-22,13.522500038146973,13.361000061035156
2020-10-23,13.449999809265137,13.590250015258789
2020-10-26,13.427000045776367,13.141249656677246
2020-10-27,13.305999755859375,13.396750450134277
2020-10-28,13.197999954223633,12.626999855041504
2020-10-29,12.838500022888184,13.02400016784668
2020-10-30,12.850000381469727,12.534000396728516
2020-11-02,12.657750129699707,12.580750465393066
2020-11-03,12.708499908447266,13.019499778747559
2020-11-04,13.389249801635742,13.794249534606934
2020-11-05,14.162500381469727,14.15999984741211
2020-11-06,14.109749794006348,14.562000274658203
2020-11-09,14.552499771118164,13.630749702453613
2020-11-10,13.606499671936035,12.770000457763672
2020-11-11,13.053750038146973,13.418000221252441
2020-11-12,13.479000091552734,13.45674991607666
2020-11-13,13.627249717712402,13.29699993133545
2020-11-16,13.172499656677246,13.515250205993652
2020-11-17,13.552499771118164,13.422249794006348
2020-11-18,13.465250015258789,13.428750038146973
2020-11-19,13.212750434875488,13.440250396728516
2020-11-20,13.454000473022461,13.087750434875488
2020-11-23,13.171250343322754,13.140000343322754
2020-11-24,13.142499923706055,12.95775032043457
2020-11-25,13.032500267028809,13.234749794006348
2020-11-27,13.375,13.261249542236328
2020-11-30,13.265000343322754,13.40149974822998
2020-12-01,13.492250442504883,13.390000343322754
2020-12-02,13.350500106811523,13.544500350952148
2020-12-03,13.587499618530273,13.395999908447266
2020-12-04,13.44849967956543,13.558250427246094
2020-12-07,13.601249694824219,13.606749534606934
2020-12-08,13.585000038146973,13.350000381469727
2020-12-09,13.30049991607666,12.930749893188477
2020-12-10,12.869000434875488,12.972249984741211
2020-12-11,12.967249870300293,13.013250350952148
2020-12-14,13.088000297546387,13.30875015258789
2020-12-15,13.439749717712402,13.36050033569336
2020-12-16,13.422499656677246,13.242500305175781
2020-12-17,13.36674976348877,13.3412504196167
2020-12-18,13.378999710083008,13.272000312805176
2020-12-21,13.074749946594238,13.332249641418457
2020-12-22,13.319250106811523,13.278249740600586
2020-12-23,13.255999565124512,13.009249687194824
2020-12-24,13.037249565124512,12.993749618530273
2020-12-28,13.0625,12.899999618530273
2020-12-29,12.925000190734863,12.943249702453613
2020-12-30,12.990249633789062,13.145750045776367
2020-12-31,13.136500358581543,13.055000305175781
2021-01-04,13.104249954223633,13.113499641418457
2021-01-05,13.099749565124512,13.404749870300293
2021-01-06,13.22249984741211,12.614500045776367
2021-01-07,12.967499732971191,13.343999862670898
2021-01-08,13.362500190734863,13.276749610900879
2021-01-11,13.418749809265137,13.621500015258789
2021-01-12,13.7524995803833,13.484749794006348
2021-01-13,13.489999771118164,13.531749725341797
2021-01-14,13.574999809265137,13.200249671936035
2021-01-15,13.227999687194824,12.85949993133545
2021-01-19,13.016249656677246,13.025250434875488
2021-01-20,13.111749649047852,13.365750312805176
2021-01-21,13.418499946594238,13.867500305175781
2021-01-22,13.739999771118164,13.712499618530273
2021-01-25,13.781749725341797,13.653249740600586
2021-01-26,13.580499649047852,13.435250282287598
2021-01-27,13.229999542236328,12.917750358581543
2021-01-28,12.99625015258789,13.050999641418457
2021-01-29,13.074999809265137,12.989749908447266
2021-02-01,13.053250312805176,13.237000465393066
2021-02-02,13.398750305175781,13.556750297546387
2021-02-03,13.63599967956543,13.530500411987305
2021-02-04,13.531000137329102,13.664250373840332
2021-02-05,13.725000381469727,13.590999603271484
2021-02-08,13.727250099182129,14.438750267028809
2021-02-09,14.340749740600586,14.263250350952148
2021-02-10,14.463250160217285,14.764249801635742
2021-02-11,14.980250358581543,15.250749588012695
2021-02-12,15.050000190734863,14.961250305175781
2021-02-16,15.064249992370605,15.330249786376953
2021-02-17,15.170999526977539,14.906000137329102
2021-02-18,14.729000091552734,14.829000473022461
2021-02-19,15.024499893188477,14.92650032043457
2021-02-22,14.774749755859375,14.35575008392334
2021-02-23,14.075249671936035,14.142000198364258
2021-02-24,14.122750282287598,14.49899959564209
2021-02-25,14.045499801635742,13.307499885559082
2021-02-26,13.7524995803833,13.714500427246094
2021-03-01,13.875,13.841750144958496
2021-03-02,13.899999618530273,13.40625
2021-03-03,13.426250457763672,12.804750442504883
2021-03-04,12.800749778747559,12.37024974822998
2021-03-05,12.550000190734863,12.46150016784668
2021-03-08,12.449999809265137,11.593250274658203
2021-03-09,12.130249977111816,12.52025032043457
2021-03-10,12.840499877929688,12.468250274658203
2021-03-11,12.949999809265137,12.993499755859375
2021-03-12,12.648249626159668,12.855999946594238
2021-03-15,12.864749908447266,13.19124984741211
2021-03-16,13.356499671936035,13.291250228881836
2021-03-17,13.039750099182129,13.3412504196167
2021-03-18,13.136500358581543,12.72249984741211
2021-03-19,12.75,12.845749855041504
2021-03-22,12.912750244140625,13.186249732971191
2021-03-23,13.254249572753906,13.07075023651123
2021-03-24,13.151249885559082,12.642999649047852
2021-03-25,12.499500274658203,12.535249710083008
2021-03-26,12.554499626159668,12.839249610900879
2021-03-29,12.820249557495117,12.948249816894531
2021-03-30,12.842000007629395,12.871749877929688
2021-03-31,13.01550006866455,13.348250389099121
2021-04-01,13.572250366210938,13.811750411987305
2021-04-05,13.867500305175781,13.987500190734863
2021-04-06,13.999750137329102,13.861499786376953
2021-04-07,13.880749702453613,14.143500328063965
2021-04-08,14.252750396728516,14.317000389099121
2021-04-09,14.21399974822998,14.399999618530273
2021-04-12,14.289750099182129,15.208999633789062
2021-04-13,15.231499671936035,15.679499626159668
2021-04-14,15.625,15.277000427246094
2021-04-15,15.662500381469727,16.137250900268555
2021-04-16,16.05299949645996,15.912500381469727
2021-04-19,15.536499977111816,15.361749649047852
2021-04-20,15.323249816894531,15.171250343322754
2021-04-21,15.118749618530273,15.36050033569336
2021-04-22,15.375,14.850250244140625
2021-04-23,14.934249877929688,15.265250205993652
2021-04-26,15.1850004196167,15.477999687194824
2021-04-27,15.578499794006348,15.381750106811523
2021-04-28,15.364500045776367,15.276749610900879
2021-04-29,15.399999618530273,15.324749946594238
2021-04-30,15.174500465393066,15.009499549865723
2021-05-03,15.125,14.836750030517578
2021-05-04,14.637249946594238,14.351249694824219
2021-05-05,14.708999633789062,14.458499908447266
2021-05-06,14.49524974822998,14.52299976348877
2021-05-07,14.808250427246094,14.812250137329102
2021-05-10,14.787249565124512,14.26574993133545
2021-05-11,13.824999809265137,14.306249618530273
2021-05-12,14.009499549865723,13.758500099182129
2021-05-13,14.0337495803833,13.665249824523926
2021-05-14,13.890000343322754,14.243000030517578
2021-05-17,14.156999588012695,14.165499687194824
2021-05-18,14.267000198364258,14.01574993133545
2021-05-19,13.566499710083008,14.065750122070312
2021-05-20,14.302499771118164,14.612500190734863
2021-05-21,15.163749694824219,14.99174976348877
2021-05-24,15.212499618530273,15.612000465393066
2021-05-25,15.765999794006348,15.647749900817871
2021-05-26,15.73425006866455,15.699999809265137
2021-05-27,15.699749946594238,15.48799991607666
2021-05-28,15.50100040435791,16.24449920654297
2021-06-01,16.270000457763672,16.26449966430664
2021-06-02,16.25225067138672,16.778249740600586
2021-06-03,16.70075035095215,16.969749450683594
2021-06-04,17.112499237060547,17.578250885009766
2021-06-07,17.571250915527344,17.618999481201172
2021-06-08,17.527250289916992,17.457000732421875
2021-06-09,17.515750885009766,17.35824966430664
2021-06-10,17.350000381469727,17.424999237060547
2021-06-11,17.47949981689453,17.82525062561035
2021-06-14,17.9060001373291,18.018749237060547
2021-06-15,17.915000915527344,17.78849983215332
2021-06-16,17.79075050354004,17.81024932861328
2021-06-17,17.774499893188477,18.657249450683594
2021-06-18,18.784000396728516,18.638750076293945
2021-06-21,18.43524932861328,18.427249908447266
2021-06-22,18.471500396728516,18.886749267578125
2021-06-23,19.007749557495117,19.057249069213867
2021-06-24,19.227750778198242,19.20549964904785
2021-06-25,19.280500411987305,19.0310001373291
2021-06-28,19.361249923706055,19.985000610351562
2021-06-29,19.88249969482422,20.026750564575195
2021-06-30,19.999250411987305,20.002500534057617
2021-07-01,20.125,20.211999893188477
2021-07-02,20.440250396728516,20.48699951171875
2021-07-06,20.737499237060547,20.69849967956543
2021-07-07,20.853500366210938,20.371749877929688
2021-07-08,19.85650062561035,19.90275001525879
2021-07-09,19.962499618530273,20.050249099731445
2021-07-12,20.239999771118164,20.512500762939453
2021-07-13,20.40049934387207,20.25
2021-07-14,20.357749938964844,19.84149932861328
2021-07-15,19.811750411987305,18.966249465942383
2021-07-16,19.030500411987305,18.160999298095703
2021-07-19,17.915250778198242,18.77975082397461
2021-07-20,18.729999542236328,18.61199951171875
2021-07-21,18.881999969482422,19.40999984741211
2021-07-22,19.642000198364258,19.5939998626709
2021-07-23,19.6560001373291,19.558000564575195
2021-07-26,19.31100082397461,19.29400062561035
2021-07-27,19.264999389648438,19.20800018310547
2021-07-28,19.319000244140625,19.503000259399414
2021-07-29,19.518999099731445,19.66200065612793
2021-07-30,19.417999267578125,19.499000549316406
2021-08-02,19.700000762939453,19.75
2021-08-03,19.739999771118164,19.815000534057617
2021-08-04,19.989999771118164,20.27400016784668
2021-08-05,20.5,20.636999130249023
2021-08-06,20.52400016784668,20.365999221801758
2021-08-09,20.445999145507812,20.295000076293945
2021-08-10,20.32200050354004,19.93600082397461
2021-08-11,20.042999267578125,19.698999404907227
2021-08-12,19.8700008392334,19.905000686645508
2021-08-13,19.905000686645508,20.187999725341797
2021-08-16,20.135000228881836,19.950000762939453
2021-08-17,19.684999465942383,19.45800018310547
2021-08-18,19.5,19.040000915527344
2021-08-19,19.493999481201172,19.79800033569336
2021-08-20,19.990999221801758,20.81599998474121
2021-08-23,20.97100067138672,21.95800018310547
2021-08-24,21.753000259399414,21.792999267578125
2021-08-25,21.73699951171875,22.21299934387207
2021-08-26,22.200000762939453,22.06800079345703
2021-08-27,22.18400001525879,22.63599967956543
2021-08-30,22.829999923706055,22.687999725341797
2021-08-31,22.69499969482422,22.385000228881836
2021-09-01,22.485000610351562,22.44099998474121
2021-09-02,22.51799964904785,22.395999908447266
2021-09-03,22.325000762939453,22.843000411987305
2021-09-07,22.83300018310547,22.66200065612793
2021-09-08,22.51300048828125,22.339000701904297
2021-09-09,22.312000274658203,22.177000045776367
2021-09-10,22.347999572753906,22.47800064086914
2021-09-13,22.68400001525879,22.152000427246094
2021-09-14,22.274999618530273,22.242000579833984
2021-09-15,22.30900001525879,22.340999603271484
2021-09-16,22.183000564575195,22.242000579833984
2021-09-17,22.299999237060547,21.899999618530273
2021-09-20,21.145999908447266,21.113000869750977
2021-09-21,21.41699981689453,21.246000289916992
2021-09-22,21.365999221801758,21.94099998474121
2021-09-23,22.139999389648438,22.48200035095215
2021-09-24,22.06999969482422,22.08099937438965
2021-09-27,21.709999084472656,21.65999984741211
2021-09-28,21.214000701904297,20.698999404907227
2021-09-29,20.940000534057617,20.517000198364258
2021-09-30,20.76799964904785,20.715999603271484
2021-10-01,20.75,20.742000579833984
2021-10-04,20.503999710083008,19.73200035095215
2021-10-05,19.950000762939453,20.451000213623047
2021-10-06,20.1200008392334,20.700000762939453
2021-10-07,21.091999053955078,21.075000762939453
2021-10-08,21.10099983215332,20.83099937438965
2021-10-11,20.575000762939453,20.69499969482422
2021-10-12,20.827999114990234,20.67099952697754
2021-10-13,20.917999267578125,20.93899917602539
2021-10-14,21.288000106811523,21.746000289916992
2021-10-15,21.809999465942383,21.86199951171875
2021-10-18,21.749000549316406,22.222000122070312
2021-10-19,22.275999069213867,22.290000915527344
2021-10-20,22.30500030517578,22.10300064086914
2021-10-21,22.097000122070312,22.691999435424805
2021-10-22,22.822999954223633,22.72599983215332
2021-10-25,22.972999572753906,23.166000366210938
2021-10-26,23.98900032043457,24.716999053955078
2021-10-27,24.474000930786133,24.451000213623047
2021-10-28,24.878000259399414,24.94099998474121
2021-10-29,25.000999450683594,25.566999435424805
2021-11-01,25.64900016784668,25.82699966430664
2021-11-02,25.82200050354004,26.400999069213867
2021-11-03,26.670000076293945,26.597999572753906
2021-11-04,27.229000091552734,29.801000595092773
2021-11-05,30.187000274658203,29.75200080871582
2021-11-08,30.14900016784668,30.804000854492188
2021-11-09,32.28200149536133,30.656999588012695
2021-11-10,29.356000900268555,29.458999633789062
2021-11-11,30.468000411987305,30.389999389648438
2021-11-12,30.010000228881836,30.389999389648438
2021-11-15,30.552000045776367,30.024999618530273
2021-11-16,29.759000778198242,30.202999114990234
2021-11-17,30.417999267578125,29.26099967956543
2021-11-18,32.367000579833984,31.674999237060547
2021-11-19,32.24300003051758,32.98500061035156
2021-11-22,33.516998291015625,31.95599937438965
2021-11-23,31.53499984741211,31.746000289916992
2021-11-24,31.461000442504883,32.67399978637695
2021-11-26,32.599998474121094,31.503000259399414
2021-11-29,32.36600112915039,33.375999450683594
2021-11-30,33.16899871826172,32.67599868774414
2021-12-01,33.21900177001953,31.434999465942383
2021-12-02,31.214000701904297,32.125999450683594
2021-12-03,32.0,30.69300079345703
2021-12-06,29.8799991607666,30.03700065612793
2021-12-07,30.957000732421875,32.426998138427734
2021-12-08,31.999000549316406,31.826000213623047
2021-12-09,31.733999252319336,30.489999771118164
2021-12-10,31.149999618530273,30.197999954223633
2021-12-13,30.249000549316406,28.160999298095703
2021-12-14,27.698999404907227,28.336999893188477
2021-12-15,28.399999618530273,30.458999633789062
2021-12-16,31.152000427246094,28.386999130249023
2021-12-17,27.985000610351562,27.801000595092773
2021-12-20,27.30500030517578,27.7189998626709
2021-12-21,28.374000549316406,29.075000762939453
2021-12-22,28.891000747680664,29.399999618530273
2021-12-23,29.7549991607666,29.639999389648438
2021-12-27,29.65999984741211,30.94499969482422
2021-12-28,31.312000274658203,30.32200050354004
2021-12-29,30.273000717163086,30.000999450683594
2021-12-30,29.82699966430664,29.586000442504883
2021-12-31,29.673999786376953,29.410999298095703
2022-01-03,29.815000534057617,30.121000289916992
2022-01-04,30.277000427246094,29.290000915527344
2022-01-05,28.948999404907227,27.604000091552734
2022-01-06,27.639999389648438,28.17799949645996
2022-01-07,28.141000747680664,27.246999740600586
2022-01-10,26.58099937438965,27.399999618530273
2022-01-11,27.322999954223633,27.816999435424805
2022-01-12,28.066999435424805,27.999000549316406
2022-01-13,28.378999710083008,26.575000762939453
2022-01-14,26.299999237060547,26.941999435424805
2022-01-18,26.260000228881836,25.902999877929688
2022-01-19,26.07900047302246,25.066999435424805
2022-01-20,25.304000854492188,24.149999618530273
2022-01-21,23.506999969482422,23.374000549316406
2022-01-24,22.329999923706055,23.371999740600586
2022-01-25,22.54599952697754,22.323999404907227
2022-01-26,23.239999771118164,22.77199935913086
2022-01-27,23.56800079345703,21.944000244140625
2022-01-28,22.011999130249023,22.84000015258789
2022-01-31,23.18199920654297,24.486000061035156
2022-02-01,25.104000091552734,24.63800048828125
2022-02-02,25.79400062561035,25.242000579833984
2022-02-03,24.45800018310547,23.947999954223633
2022-02-04,23.972000122070312,24.319000244140625
2022-02-07,24.371999740600586,24.72800064086914
2022-02-08,24.358999252319336,25.107999801635742
2022-02-09,25.621999740600586,26.704999923706055
2022-02-10,25.9950008392334,25.823999404907227
2022-02-11,25.916000366210938,23.948999404907227
2022-02-14,23.93400001525879,24.267000198364258
2022-02-15,24.948999404907227,26.4950008392334
2022-02-16,26.259000778198242,26.51099967956543
2022-02-17,25.6299991607666,24.506999969482422
2022-02-18,24.667999267578125,23.642000198364258
2022-02-22,23.03499984741211,23.389999389648438
2022-02-23,23.802000045776367,22.386999130249023
2022-02-24,21.014999389648438,23.74799919128418
2022-02-25,23.72100067138672,24.156999588012695
2022-02-28,23.992000579833984,24.385000228881836
2022-03-01,24.291000366210938,23.476999282836914
2022-03-02,23.756000518798828,24.219999313354492
2022-03-03,24.261999130249023,23.714000701904297
2022-03-04,23.384000778198242,22.93600082397461
2022-03-07,22.816999435424805,21.351999282836914
2022-03-08,21.30900001525879,21.513999938964844
2022-03-09,22.386999130249023,23.013999938964844
2022-03-10,22.5310001373291,22.658000946044922
2022-03-11,23.02199935913086,22.100000381469727
2022-03-14,21.868999481201172,21.329999923706055
2022-03-15,21.51799964904785,22.972999572753906
2022-03-16,23.5,24.496000289916992
2022-03-17,24.1200008392334,24.766000747680664
2022-03-18,24.798999786376953,26.452999114990234
2022-03-21,26.506999969482422,26.733999252319336
2022-03-22,26.726999282836914,26.52400016784668
2022-03-23,26.125999450683594,25.634000778198242
2022-03-24,26.166000366210938,28.149999618530273
2022-03-25,27.88599967956543,27.691999435424805
2022-03-28,27.756000518798828,28.2189998626709
2022-03-29,28.69499969482422,28.6560001373291
2022-03-30,28.304000854492188,27.690000534057617
2022-03-31,27.781999588012695,27.285999298095703
2022-04-01,27.375,26.711999893188477
2022-04-04,26.72800064086914,27.360000610351562
2022-04-05,27.253999710083008,25.930999755859375
2022-04-06,24.93400001525879,24.406999588012695
2022-04-07,24.44099998474121,24.20800018310547
2022-04-08,23.91699981689453,23.118999481201172
2022-04-11,22.214000701904297,21.91699981689453
2022-04-12,22.53700065612793,21.503999710083008
2022-04-13,21.72800064086914,22.202999114990234
2022-04-14,22.5049991607666,21.257999420166016
2022-04-18,21.200000762939453,21.783000946044922
2022-04-19,21.719999313354492,22.197999954223633
2022-04-20,22.517000198364258,21.48200035095215
2022-04-21,21.708999633789062,20.183000564575195
2022-04-22,20.30299949645996,19.514999389648438
2022-04-25,19.20199966430664,19.902000427246094
2022-04-26,19.718000411987305,18.788000106811523
2022-04-27,18.597999572753906,18.415000915527344
2022-04-28,18.966999053955078,19.781999588012695
2022-04-29,19.402000427246094,18.547000885009766
2022-05-02,18.541000366210938,19.533000946044922
2022-05-03,19.399999618530273,19.601999282836914
2022-05-04,19.92300033569336,20.333999633789062
2022-05-05,19.867000579833984,18.8439998626709
2022-05-06,18.736000061035156,18.674999237060547
2022-05-09,18.034000396728516,16.950000762939453
2022-05-10,17.68899917602539,17.594999313354492
2022-05-11,17.347000122070312,16.6299991607666
2022-05-12,16.2189998626709,16.174999237060547
2022-05-13,16.788000106811523,17.70599937438965
2022-05-16,17.509000778198242,17.263999938964844
2022-05-17,18.073999404907227,18.177000045776367
2022-05-18,17.704999923706055,16.937999725341797
2022-05-19,16.937000274658203,17.124000549316406
2022-05-20,17.332000732421875,16.694000244140625
2022-05-23,16.27400016784668,16.898000717163086
2022-05-24,16.510000228881836,16.15399932861328
2022-05-25,16.020000457763672,16.975000381469727
2022-05-26,16.035999298095703,17.85099983215332
2022-05-27,18.18600082397461,18.81100082397461
2022-05-31,18.979999542236328,18.672000885009766
2022-06-01,18.724000930786133,18.31999969482422
2022-06-02,18.29199981689453,19.591999053955078
2022-06-03,19.082000732421875,18.719999313354492
2022-06-06,19.138999938964844,18.785999298095703
2022-06-07,18.472000122070312,18.926000595092773
2022-06-08,18.798999786376953,18.648000717163086
2022-06-09,18.481000900268555,18.04800033569336
2022-06-10,17.600000381469727,16.974000930786133
2022-06-13,16.0,15.647000312805176
2022-06-14,15.730999946594238,15.836000442504883
2022-06-15,16.094999313354492,16.527000427246094
2022-06-16,15.859999656677246,15.60099983215332
2022-06-17,15.64799976348877,15.880000114440918
2022-06-21,16.475000381469727,16.56599998474121
2022-06-22,16.22599983215332,16.360000610351562
2022-06-23,16.518999099731445,16.225000381469727
2022-06-24,16.5,17.125999450683594
2022-06-27,17.312000274658203,16.868999481201172
2022-06-28,16.899999618530273,15.982000350952148
2022-06-29,15.814000129699707,15.541999816894531
2022-06-30,15.361000061035156,15.159000396728516
2022-07-01,14.89900016784668,14.52299976348877
2022-07-05,14.175000190734863,14.96399974822998
2022-07-06,15.010000228881836,15.130000114440918
2022-07-07,15.456000328063965,15.857999801635742
2022-07-08,15.430000305175781,15.838000297546387
2022-07-11,15.526000022888184,15.152000427246094
2022-07-12,15.267999649047852,15.081999778747559
2022-07-13,14.59000015258789,15.163999557495117
2022-07-14,15.107999801635742,15.371999740600586
2022-07-15,15.659000396728516,15.76200008392334
2022-07-18,16.302000045776367,16.10099983215332
2022-07-19,16.486000061035156,16.992000579833984
2022-07-20,16.94700050354004,17.80699920654297
2022-07-21,17.885000228881836,18.049999237060547
2022-07-22,17.89299964904785,17.319000244140625
2022-07-25,17.018999099731445,17.02400016784668
2022-07-26,16.888999938964844,16.533000946044922
2022-07-27,17.031999588012695,17.790000915527344
2022-07-28,17.975000381469727,17.983999252319336
2022-07-29,17.812999725341797,18.163000106811523
2022-08-01,18.18199920654297,18.44099998474121
2022-08-02,18.121999740600586,18.525999069213867
2022-08-03,18.18400001525879,18.89299964904785
2022-08-04,18.849000930786133,19.21500015258789
2022-08-05,18.809999465942383,18.98900032043457
2022-08-08,17.50200080871582,17.792999267578125
2022-08-09,17.25200080871582,17.086000442504883
2022-08-10,17.697999954223633,18.097000122070312
2022-08-11,18.131000518798828,17.941999435424805
2022-08-12,18.15999984741211,18.708999633789062
2022-08-15,18.701000213623047,19.031999588012695
2022-08-16,18.920000076293945,18.878999710083008
2022-08-17,18.523000717163086,18.334999084472656
2022-08-18,18.301000595092773,18.773000717163086
2022-08-19,18.4060001373291,17.849000930786133
2022-08-22,17.489999771118164,17.034000396728516
2022-08-23,16.98900032043457,17.180999755859375
2022-08-24,17.011999130249023,17.222000122070312
2022-08-25,16.8439998626709,17.913000106811523
2022-08-26,17.85700035095215,16.260000228881836
2022-08-29,16.020000457763672,15.800999641418457
2022-08-30,15.960000038146973,15.468000411987305
2022-08-31,15.383999824523926,15.093999862670898
2022-09-01,14.208999633789062,13.937000274658203
2022-09-02,14.100000381469727,13.647000312805176
2022-09-06,13.730999946594238,13.46500015258789
2022-09-07,13.562999725341797,13.71399974822998
2022-09-08,13.458999633789062,13.989999771118164
2022-09-09,14.156999588012695,14.38700008392334
2022-09-12,14.369000434875488,14.505000114440918
2022-09-13,13.802000045776367,13.130999565124512
2022-09-14,13.253999710083008,13.128000259399414
2022-09-15,13.015000343322754,12.928999900817871
2022-09-16,12.741999626159668,13.197999954223633
2022-09-19,13.01200008392334,13.381999969482422
2022-09-20,13.21500015258789,13.175999641418457
2022-09-21,13.213000297546387,13.26099967956543
2022-09-22,13.069999694824219,12.560999870300293
2022-09-23,12.420000076293945,12.515999794006348
2022-09-26,12.491000175476074,12.227999687194824
2022-09-27,12.506999969482422,12.413000106811523
2022-09-28,12.40999984741211,12.736000061035156
2022-09-29,12.447999954223633,12.220000267028809
2022-09-30,12.086999893188477,12.138999938964844
2022-10-03,12.347000122070312,12.51200008392334
2022-10-04,12.878999710083008,13.166999816894531
2022-10-05,12.91100025177002,13.208999633789062
2022-10-06,13.220000267028809,13.130000114440918
2022-10-07,12.505000114440918,12.076000213623047
2022-10-10,12.036999702453613,11.670000076293945
2022-10-11,11.560999870300293,11.586000442504883
2022-10-12,11.579000473022461,11.5
2022-10-13,10.970999717712402,11.960000038146973
2022-10-14,12.057000160217285,11.22700023651123
2022-10-17,11.517999649047852,11.887999534606934
2022-10-18,12.343999862670898,11.967000007629395
2022-10-19,11.878999710083008,12.050999641418457
2022-10-20,12.11299991607666,12.194000244140625
2022-10-21,12.097999572753906,12.465999603271484
2022-10-24,12.508000373840332,12.598999977111816
2022-10-25,12.694000244140625,13.26099967956543
2022-10-26,12.869000434875488,12.895999908447266
2022-10-27,13.630000114440918,13.175999641418457
2022-10-28,13.104000091552734,13.833999633789062
2022-10-31,13.777999877929688,13.496999740600586
2022-11-01,13.810999870300293,13.543000221252441
2022-11-02,13.850000381469727,13.218999862670898
2022-11-03,13.043000221252441,13.420999526977539
2022-11-04,13.986000061035156,14.156000137329102
2022-11-07,14.227999687194824,14.300999641418457
2022-11-08,14.800999641418457,14.60200023651123
2022-11-09,14.161999702453613,13.776000022888184
2022-11-10,14.800000190734863,15.75
2022-11-11,15.807000160217285,16.32699966430664
2022-11-14,16.218000411987305,16.295000076293945
2022-11-15,16.722000122070312,16.666000366210938
2022-11-16,16.16200065612793,15.90999984741211
2022-11-17,15.71500015258789,15.677000045776367
2022-11-18,15.965999603271484,15.409000396728516
2022-11-21,15.147000312805176,15.317000389099121
2022-11-22,15.32800006866455,16.038000106811523
2022-11-23,16.097999572753906,16.518999099731445
2022-11-25,16.31800079345703,16.270000457763672
2022-11-28,16.025999069213867,15.82699966430664
2022-11-29,15.82699966430664,15.638999938964844
2022-11-30,15.696999549865723,16.92300033569336
2022-12-01,16.999000549316406,17.135000228881836
2022-12-02,16.659000396728516,16.875999450683594
2022-12-05,16.679000854492188,16.610000610351562
2022-12-06,16.530000686645508,15.987000465393066
2022-12-07,15.772000312805176,16.1200008392334
2022-12-08,16.273000717163086,17.16900062561035
2022-12-09,17.15999984741211,17.000999450683594
2022-12-12,17.03700065612793,17.53499984741211
2022-12-13,18.5310001373291,18.07200050354004
2022-12-14,17.98699951171875,17.673999786376953
2022-12-15,17.145999908447266,16.95199966430664
2022-12-16,16.86400032043457,16.570999145507812
2022-12-19,16.57200050354004,16.253999710083008
2022-12-20,16.06399917602539,16.084999084472656
2022-12-21,16.11400032043457,16.500999450683594
2022-12-22,16.0939998626709,15.33899974822998
2022-12-23,15.196000099182129,15.206000328063965
2022-12-27,15.074000358581543,14.121000289916992
2022-12-28,13.927000045776367,14.03600025177002
2022-12-29,14.402000427246094,14.602999687194824
2022-12-30,14.333999633789062,14.61400032043457
2023-01-03,14.85099983215332,14.3149995803833
2023-01-04,14.567000389099121,14.74899959564209
2023-01-05,14.491000175476074,14.265000343322754
2023-01-06,14.473999977111816,14.859000205993652
2023-01-09,15.284000396728516,15.628000259399414
2023-01-10,15.506999969482422,15.909000396728516
2023-01-11,15.84000015258789,16.000999450683594
2023-01-12,16.100000381469727,16.51099967956543
2023-01-13,16.277999877929688,16.89900016784668
2023-01-17,16.89900016784668,17.70199966430664
2023-01-18,17.66699981689453,17.37700080871582
2023-01-19,17.035999298095703,16.764999389648438
2023-01-20,17.01099967956543,17.839000701904297
2023-01-23,18.06399917602539,19.19300079345703
2023-01-24,18.82699966430664,19.264999389648438
2023-01-25,18.913000106811523,19.322999954223633
2023-01-26,19.701000213623047,19.802000045776367
2023-01-27,19.461999893188477,20.364999771118164
2023-01-30,19.950000762939453,19.16200065612793
2023-01-31,19.170000076293945,19.53700065612793
2023-02-01,19.69099998474121,20.94300079345703
2023-02-02,21.0,21.708999633789062
2023-02-03,21.0,21.100000381469727
2023-02-06,20.805999755859375,21.089000701904297
2023-02-07,21.381999969482422,22.17300033569336
2023-02-08,22.386999130249023,22.204999923706055
2023-02-09,22.606000900268555,22.336999893188477
2023-02-10,21.690000534057617,21.264999389648438
2023-02-13,21.538000106811523,21.788000106811523
2023-02-14,21.577999114990234,22.97100067138672
2023-02-15,22.548999786376953,22.763999938964844
2023-02-16,22.132999420166016,22.00200080871582
2023-02-17,21.631000518798828,21.38800048828125
2023-02-21,21.0,20.655000686645508
2023-02-22,20.707000732421875,20.753999710083008
2023-02-23,23.440000534057617,23.663999557495117
2023-02-24,23.225000381469727,23.285999298095703
2023-02-27,23.670000076293945,23.500999450683594
2023-02-28,23.371999740600586,23.215999603271484
2023-03-01,23.191999435424805,22.697999954223633
2023-03-02,22.488000869750977,23.31399917602539
2023-03-03,23.31999969482422,23.889999389648438
2023-03-06,23.891000747680664,23.554000854492188
2023-03-07,23.600000381469727,23.288000106811523
2023-03-08,23.48699951171875,24.180999755859375
2023-03-09,24.174999237060547,23.43600082397461
2023-03-10,23.409000396728516,22.96500015258789
2023-03-13,22.75200080871582,22.965999603271484
2023-03-14,23.496000289916992,24.062999725341797
2023-03-15,23.76099967956543,24.22800064086914
2023-03-16,24.027000427246094,25.541000366210938
2023-03-17,25.98200035095215,25.725000381469727
2023-03-20,25.614999771118164,25.899999618530273
2023-03-21,26.18000030517578,26.198999404907227
2023-03-22,26.424999237060547,26.468000411987305
2023-03-23,27.114999771118164,27.19099998474121
2023-03-24,27.0310001373291,26.77899932861328
2023-03-27,26.836999893188477,26.5310001373291
2023-03-28,26.44700050354004,26.40999984741211
2023-03-29,26.825000762939453,26.983999252319336
2023-03-30,27.229000091552734,27.382999420166016
2023-03-31,27.139999389648438,27.777000427246094
2023-04-03,27.509000778198242,27.96500015258789
2023-04-04,27.965999603271484,27.452999114990234
2023-04-05,26.82900047302246,26.881000518798828
2023-04-06,26.583999633789062,27.03700065612793
2023-04-10,26.822999954223633,27.57900047302246
2023-04-11,27.724000930786133,27.16900062561035
2023-04-12,27.3700008392334,26.4950008392334
2023-04-13,26.733999252319336,26.46299934387207
2023-04-14,26.503999710083008,26.757999420166016
2023-04-17,26.565000534057617,27.00200080871582
2023-04-18,27.533000946044922,27.66699981689453
2023-04-19,27.361000061035156,27.930999755859375
2023-04-20,27.67099952697754,27.104000091552734
2023-04-21,26.95199966430664,27.118999481201172
2023-04-24,27.01300048828125,27.04199981689453
2023-04-25,27.077999114990234,26.240999221801758
2023-04-26,27.00200080871582,26.95599937438965
2023-04-27,27.363000869750977,27.22599983215332
2023-04-28,27.225000381469727,27.749000549316406
2023-05-01,27.84000015258789,28.90999984741211
2023-05-02,28.68000030517578,28.209999084472656
2023-05-03,27.84000015258789,27.802000045776367
2023-05-04,27.650999069213867,27.562000274658203
2023-05-05,27.826000213623047,28.68000030517578
2023-05-08,28.52199935913086,29.150999069213867
2023-05-09,28.89900016784668,28.570999145507812
2023-05-10,29.0049991607666,28.885000228881836
2023-05-11,28.895999908447266,28.577999114990234
2023-05-12,28.52899932861328,28.34000015258789
2023-05-15,28.507999420166016,28.952999114990234
2023-05-16,28.840999603271484,29.21299934387207
2023-05-17,29.583999633789062,30.17799949645996
2023-05-18,30.40999984741211,31.67799949645996
2023-05-19,31.535999298095703,31.263999938964844
2023-05-22,30.900999069213867,31.176000595092773
2023-05-23,31.0,30.687999725341797
2023-05-24,30.209999084472656,30.538000106811523
2023-05-25,38.52299880981445,37.97999954223633
2023-05-26,37.88999938964844,38.94599914550781
2023-05-30,40.595001220703125,40.111000061035156
2023-05-31,39.487998962402344,37.83399963378906
2023-06-01,38.48899841308594,39.77000045776367
2023-06-02,40.09700012207031,39.32699966430664
2023-06-05,38.909000396728516,39.17100143432617
2023-06-06,38.83000183105469,38.65399932861328
2023-06-07,38.915000915527344,37.474998474121094
2023-06-08,37.7239990234375,38.5099983215332
2023-06-09,39.0369987487793,38.77000045776367
2023-06-12,39.20000076293945,39.481998443603516
2023-06-13,40.18600082397461,41.02199935913086
2023-06-14,40.82400131225586,42.99700164794922
2023-06-15,42.60200119018555,42.65299987792969
2023-06-16,43.45000076293945,42.69200134277344
2023-06-20,42.99800109863281,43.80799865722656
2023-06-21,43.500999450683594,43.04499816894531
2023-06-22,42.25299835205078,43.025001525878906
2023-06-23,42.4640007019043,42.20899963378906
2023-06-26,42.46099853515625,40.63199996948242
2023-06-27,40.79899978637695,41.875999450683594
2023-06-28,40.65999984741211,41.117000579833984
2023-06-29,41.55799865722656,40.821998596191406
2023-06-30,41.68000030517578,42.301998138427734
2023-07-03,42.516998291015625,42.41299819946289
2023-07-05,42.1349983215332,42.31700134277344
2023-07-06,41.84400177001953,42.10300064086914
2023-07-07,42.321998596191406,42.50299835205078
2023-07-10,42.65700149536133,42.18000030517578
2023-07-11,42.48099899291992,42.404998779296875
2023-07-12,43.03300094604492,43.902000427246094
2023-07-13,44.518001556396484,45.97700119018555
2023-07-14,46.58300018310547,45.46900177001953
2023-07-17,46.28900146484375,46.46099853515625
2023-07-18,46.70100021362305,47.49399948120117
2023-07-19,47.4640007019043,47.07699966430664
2023-07-20,46.50699996948242,45.52000045776367
2023-07-21,45.78799819946289,44.308998107910156
2023-07-24,44.73099899291992,44.61199951171875
2023-07-25,44.941001892089844,45.67900085449219
2023-07-26,46.020999908447266,45.45199966430664
2023-07-27,46.51900100708008,45.900001525878906
2023-07-28,46.667999267578125,46.75
2023-07-31,46.75400161743164,46.729000091552734
2023-08-01,46.459999084472656,46.50699996948242
2023-08-02,45.83100128173828,44.26900100708008
2023-08-03,43.79999923706055,44.51499938964844
2023-08-04,44.98500061035156,44.68000030517578
2023-08-07,45.111000061035156,45.41699981689453
2023-08-08,44.85300064086914,44.66400146484375
2023-08-09,44.27399826049805,42.55400085449219
2023-08-10,42.15999984741211,42.38800048828125
2023-08-11,41.750999450683594,40.85499954223633
2023-08-14,40.486000061035156,43.75299835205078
2023-08-15,44.560001373291016,43.939998626708984
2023-08-16,44.52000045776367,43.486000061035156
2023-08-17,43.970001220703125,43.34400177001953
2023-08-18,42.6349983215332,43.29899978637695
2023-08-21,44.49399948120117,46.96699905395508
2023-08-22,48.1349983215332,45.667999267578125
2023-08-23,45.86600112915039,47.11600112915039
2023-08-24,50.215999603271484,47.16299819946289
2023-08-25,47.012001037597656,46.018001556396484
2023-08-28,46.481998443603516,46.834999084472656
2023-08-29,46.66600036621094,48.784000396728516
2023-08-30,49.04399871826172,49.263999938964844
2023-08-31,49.380001068115234,49.35499954223633
2023-09-01,49.762001037597656,48.50899887084961
2023-09-05,48.222999572753906,48.54800033569336
2023-09-06,48.441001892089844,47.06100082397461
2023-09-07,45.525001525878906,46.24100112915039
2023-09-08,45.94200134277344,45.571998596191406
2023-09-11,46.14799880981445,45.178001403808594
2023-09-12,44.737998962402344,44.869998931884766
2023-09-13,44.599998474121094,45.48500061035156
2023-09-14,45.95000076293945,45.58100128173828
2023-09-15,45.340999603271484,43.900001525878906
2023-09-18,42.74800109863281,43.965999603271484
2023-09-19,43.83300018310547,43.52000045776367
2023-09-20,43.599998474121094,42.23899841308594
2023-09-21,41.58300018310547,41.016998291015625
2023-09-22,41.571998596191406,41.61000061035156
2023-09-25,41.590999603271484,42.22200012207031
2023-09-26,42.000999450683594,41.9109992980957
2023-09-27,42.33000183105469,42.46799850463867
2023-09-28,42.459999084472656,43.0890007019043
2023-09-29,43.82699966430664,43.499000549316406
2023-10-02,44.029998779296875,44.78200149536133
2023-10-03,44.80799865722656,43.516998291015625
2023-10-04,43.742000579833984,44.04100036621094
2023-10-05,44.04999923706055,44.6879997253418
2023-10-06,44.19300079345703,45.762001037597656
2023-10-09,44.84199905395508,45.27299880981445
2023-10-10,45.310001373291016,45.79800033569336
2023-10-11,46.19599914550781,46.805999755859375
2023-10-12,46.777000427246094,46.94499969482422
2023-10-13,46.959999084472656,45.46099853515625
2023-10-16,45.0629997253418,46.095001220703125
2023-10-17,44.0,43.9379997253418
2023-10-18,42.590999603271484,42.19599914550781
2023-10-19,42.81100082397461,42.10100173950195
2023-10-20,41.88999938964844,41.387001037597656
2023-10-23,41.229000091552734,42.974998474121094
2023-10-24,43.07699966430664,43.66299819946289
2023-10-25,43.39799880981445,41.77899932861328
2023-10-26,41.85300064086914,40.32600021362305
2023-10-27,41.130001068115234,40.5
2023-10-30,41.08700180053711,41.1609992980957
2023-10-31,40.45000076293945,40.779998779296875
2023-11-01,40.88399887084961,42.32500076293945
2023-11-02,43.327999114990234,43.50600051879883
2023-11-03,44.02000045776367,45.005001068115234
2023-11-06,45.28499984741211,45.750999450683594
2023-11-07,45.71900177001953,45.95500183105469
2023-11-08,46.099998474121094,46.57400131225586
2023-11-09,47.46699905395508,46.95000076293945
2023-11-10,47.5,48.334999084472656
2023-11-13,48.31999969482422,48.619998931884766
2023-11-14,49.68000030517578,49.65599822998047
2023-11-15,49.935001373291016,48.88800048828125
2023-11-16,48.67900085449219,49.47999954223633
2023-11-17,49.52399826049805,49.29800033569336
2023-11-20,49.3120002746582,50.409000396728516
2023-11-21,50.125999450683594,49.944000244140625
2023-11-22,49.85200119018555,48.715999603271484
2023-11-24,48.470001220703125,47.7760009765625
2023-11-27,47.79999923706055,48.242000579833984
2023-11-28,48.236000061035156,47.82099914550781
2023-11-29,48.37900161743164,48.13999938964844
2023-11-30,48.02399826049805,46.77000045776367
2023-12-01,46.525001525878906,46.76499938964844
2023-12-04,46.07699966430664,45.5099983215332
2023-12-05,45.465999603271484,46.566001892089844
2023-12-06,47.21500015258789,45.50299835205078
2023-12-07,45.70000076293945,46.59600067138672
2023-12-08,46.595001220703125,47.50600051879883
2023-12-11,47.49100112915039,46.62699890136719
2023-12-12,46.04600143432617,47.65700149536133
2023-12-13,47.62900161743164,48.0880012512207
2023-12-14,48.38999938964844,48.349998474121094
2023-12-15,48.194000244140625,48.88999938964844
2023-12-18,49.400001525878906,50.07699966430664
2023-12-19,49.42399978637695,49.604000091552734
2023-12-20,49.654998779296875,48.111000061035156
2023-12-21,48.81100082397461,48.9900016784668
2023-12-22,49.19499969482422,48.83000183105469
2023-12-26,48.96799850463867,49.27899932861328
2023-12-27,49.51100158691406,49.41699981689453
2023-12-28,49.643001556396484,49.52199935913086
2023-12-29,49.8129997253418,49.52199935913086
2024-01-02,49.24399948120117,48.167999267578125
2024-01-03,47.48500061035156,47.569000244140625
2024-01-04,47.766998291015625,47.99800109863281
2024-01-05,48.46200180053711,49.09700012207031
2024-01-08,49.512001037597656,52.25299835205078
2024-01-09,52.4010009765625,53.13999938964844
2024-01-10,53.61600112915039,54.349998474121094
2024-01-11,54.999000549316406,54.821998596191406
2024-01-12,54.619998931884766,54.709999084472656
2024-01-16,55.018001556396484,56.38199996948242
2024-01-17,56.34700012207031,56.053001403808594
2024-01-18,57.2599983215332,57.106998443603516
2024-01-19,57.98899841308594,59.49100112915039
2024-01-22,60.04899978637695,59.65399932861328
2024-01-23,59.56999969482422,59.87300109863281
2024-01-24,60.30400085449219,61.36199951171875
2024-01-25,62.349998474121094,61.617000579833984
2024-01-26,60.959999084472656,61.03099822998047
2024-01-29,61.231998443603516,62.46500015258789
2024-01-30,62.900001525878906,62.77399826049805
2024-01-31,61.439998626708984,61.527000427246094
2024-02-01,62.099998474121094,63.027000427246094
2024-02-02,63.9739990234375,66.16000366210938
2024-02-05,68.2249984741211,69.33200073242188
2024-02-06,69.62999725341797,68.2229995727539
2024-02-07,68.31900024414062,70.0989990234375
2024-02-08,70.0739974975586,69.64099884033203
2024-02-09,70.53299713134766,72.13300323486328
2024-02-12,72.5999984741211,72.24800109863281
2024-02-13,70.4000015258789,72.12799835205078
2024-02-14,73.2020034790039,73.9000015258789
2024-02-15,73.86900329589844,72.65799713134766
2024-02-16,74.0999984741211,72.61299896240234
2024-02-20,71.9469985961914,69.4520034790039
2024-02-21,68.00599670410156,67.47200012207031
2024-02-22,75.0250015258789,78.53800201416016
2024-02-23,80.79000091552734,78.81700134277344
2024-02-26,79.69999694824219,79.09200286865234
2024-02-27,79.38099670410156,78.70099639892578
2024-02-28,77.62000274658203,77.66300201416016
2024-02-29,79.09400177001953,79.11199951171875
2024-03-01,80.0,82.27899932861328
2024-03-04,84.12999725341797,85.23699951171875
2024-03-05,85.2699966430664,85.96399688720703
2024-03-06,88.02200317382812,88.69999694824219
2024-03-07,90.15799713134766,92.66899871826172
2024-03-08,95.13800048828125,87.52799987792969
2024-03-11,86.42900085449219,85.77400207519531
2024-03-12,88.04900360107422,91.91300201416016
2024-03-13,91.05500030517578,90.88800048828125
2024-03-14,89.5770034790039,87.94400024414062
2024-03-15,86.93000030517578,87.83699798583984
2024-03-18,90.38800048828125,88.45500183105469
2024-03-19,86.69999694824219,89.39800262451172
2024-03-20,89.7969970703125,90.37200164794922
2024-03-21,92.30000305175781,91.43499755859375
2024-03-22,91.14099884033203,94.28900146484375
2024-03-25,93.94100189208984,95.00199890136719
2024-03-26,95.85099792480469,92.56099700927734
2024-03-27,93.11199951171875,90.25
2024-03-28,90.0,90.35600280761719
2024-04-01,90.29900360107422,90.36299896240234
2024-04-02,88.447998046875,89.4520034790039
2024-04-03,88.48400115966797,88.96399688720703
2024-04-04,90.40599822998047,85.90499877929688
2024-04-05,86.86599731445312,88.00800323486328
2024-04-08,88.69999694824219,87.13300323486328
2024-04-09,87.44200134277344,85.35399627685547
2024-04-10,83.9260025024414,87.03900146484375
2024-04-11,87.41999816894531,90.61599731445312
2024-04-12,89.6989974975586,88.18599700927734
2024-04-15,89.0979995727539,86.0009994506836
2024-04-16,86.43299865722656,87.41500091552734
2024-04-17,88.33999633789062,84.03500366210938
2024-04-18,84.97000122070312,84.6709976196289
2024-04-19,83.1500015258789,76.19999694824219
2024-04-22,78.10399627685547,79.51799774169922
2024-04-23,80.76899719238281,82.4229965209961
2024-04-24,83.94999694824219,79.677001953125
2024-04-25,78.86799621582031,82.63200378417969
2024-04-26,83.81800079345703,87.73500061035156
2024-04-29,87.59500122070312,87.75700378417969
2024-04-30,87.23999786376953,86.4020004272461
2024-05-01,85.0770034790039,83.04100036621094
2024-05-02,84.4489974975586,85.81700134277344
2024-05-03,87.78900146484375,88.78900146484375
2024-05-06,89.38999938964844,92.13999938964844
2024-05-07,91.0979995727539,90.55400085449219
2024-05-08,89.48300170898438,90.41200256347656
2024-05-09,90.52899932861328,88.74700164794922
2024-05-10,90.30500030517578,89.87799835205078
2024-05-13,90.47799682617188,90.39900207519531
2024-05-14,89.5989990234375,91.35600280761719
2024-05-15,92.47200012207031,94.62999725341797
2024-05-16,94.91000366210938,94.35900115966797
2024-05-17,94.36900329589844,92.47899627685547
2024-05-20,93.75,94.77999877929688
2024-05-21,93.5989990234375,95.38600158691406
2024-05-22,95.45899963378906,94.94999694824219
2024-05-23,102.02799987792969,103.79900360107422
2024-05-24,104.4489974975586,106.46900177001953
2024-05-28,110.24400329589844,113.9010009765625
2024-05-29,113.05000305175781,114.82499694824219
2024-05-30,114.6500015258789,110.5
2024-05-31,112.5199966430664,109.63300323486328
2024-06-03,113.62100219726562,115.0
2024-06-04,115.71600341796875,116.43699645996094
2024-06-05,118.37100219726562,122.44000244140625
2024-06-06,124.0479965209961,120.99800109863281
2024-06-07,119.7699966430664,120.88800048828125
2024-06-10,120.37000274658203,121.79000091552734
2024-06-11,121.7699966430664,120.91000366210938
2024-06-12,123.05999755859375,125.19999694824219
2024-06-13,129.38999938964844,129.61000061035156
2024-06-14,129.9600067138672,131.8800048828125
2024-06-17,132.99000549316406,130.97999572753906
2024-06-18,131.13999938964844,135.5800018310547
2024-06-20,139.8000030517578,130.77999877929688
2024-06-21,127.12000274658203,126.56999969482422
2024-06-24,123.23999786376953,118.11000061035156
2024-06-25,121.19999694824219,126.08999633789062
2024-06-26,126.12999725341797,126.4000015258789
2024-06-27,124.0999984741211,123.98999786376953
2024-06-28,124.58000183105469,123.54000091552734
2024-07-01,123.47000122070312,124.30000305175781
2024-07-02,121.12999725341797,122.66999816894531
2024-07-03,121.66000366210938,128.27999877929688
2024-07-05,127.37999725341797,125.83000183105469
2024-07-08,127.48999786376953,128.1999969482422
2024-07-09,130.35000610351562,131.3800048828125
2024-07-10,134.02999877929688,134.91000366210938
2024-07-11,135.75,127.4000015258789
2024-07-12,128.25999450683594,129.24000549316406
2024-07-15,130.55999755859375,128.44000244140625
2024-07-16,128.44000244140625,126.36000061035156
2024-07-17,121.3499984741211,117.98999786376953
2024-07-18,121.8499984741211,121.08999633789062
2024-07-19,120.3499984741211,117.93000030517578
2024-07-22,120.3499984741211,123.54000091552734
2024-07-23,122.77999877929688,122.58999633789062
2024-07-24,119.16999816894531,114.25
2024-07-25,113.04000091552734,112.27999877929688
2024-07-26,116.19000244140625,113.05999755859375
2024-07-29,113.69000244140625,111.58999633789062
2024-07-30,111.5199966430664,103.7300033569336
2024-07-31,112.9000015258789,117.0199966430664
2024-08-01,117.52999877929688,109.20999908447266
2024-08-02,103.76000213623047,107.2699966430664
2024-08-05,92.05999755859375,100.44999694824219
2024-08-06,103.83999633789062,104.25
2024-08-07,107.80999755859375,98.91000366210938
2024-08-08,102.0,104.97000122070312
2024-08-09,105.63999938964844,104.75
2024-08-12,106.31999969482422,109.0199966430664
2024-08-13,112.44000244140625,116.13999938964844
2024-08-14,118.52999877929688,118.08000183105469
2024-08-15,118.76000213623047,122.86000061035156
2024-08-16,121.94000244140625,124.58000183105469
2024-08-19,124.27999877929688,130.0
2024-08-20,128.39999389648438,127.25
2024-08-21,127.31999969482422,128.5
2024-08-22,130.02000427246094,123.73999786376953
2024-08-23,125.86000061035156,129.3699951171875
2024-08-26,129.57000732421875,126.45999908447266
2024-08-27,125.05000305175781,128.3000030517578
2024-08-28,128.1199951171875,125.61000061035156
2024-08-29,121.36000061035156,117.58999633789062
2024-08-30,119.52999877929688,119.37000274658203
2024-09-03,116.01000213623047,108.0
2024-09-04,105.41000366210938,106.20999908447266
2024-09-05,104.98999786376953,107.20999908447266
2024-09-06,108.04000091552734,102.83000183105469
2024-09-09,104.87999725341797,106.47000122070312
2024-09-10,107.80999755859375,108.0999984741211
2024-09-11,109.38999938964844,116.91000366210938
2024-09-12,116.83999633789062,119.13999938964844
2024-09-13,119.08000183105469,119.0999984741211
2024-09-16,116.79000091552734,116.77999877929688
2024-09-17,118.16999816894531,115.58999633789062
2024-09-18,115.88999938964844,113.37000274658203
2024-09-19,117.3499984741211,117.87000274658203
2024-09-20,117.05999755859375,116.0
2024-09-23,116.55000305175781,116.26000213623047
2024-09-24,116.5199966430664,120.87000274658203
2024-09-25,122.0199966430664,123.51000213623047
2024-09-26,126.80000305175781,124.04000091552734
2024-09-27,123.97000122070312,121.4000015258789
2024-09-30,118.30999755859375,121.44000244140625
2024-10-01,121.7699966430664,117.0
2024-10-02,116.44000244140625,118.8499984741211
2024-10-03,120.91999816894531,122.8499984741211
2024-10-04,124.94000244140625,124.91999816894531
2024-10-07,124.98999786376953,127.72000122070312
2024-10-08,130.25999450683594,132.88999938964844
2024-10-09,134.11000061035156,132.64999389648438
2024-10-10,131.91000366210938,134.80999755859375
2024-10-11,134.00999450683594,134.8000030517578
2024-10-14,136.47000122070312,138.07000732421875
2024-10-15,137.8699951171875,131.60000610351562
2024-10-16,133.97999572753906,135.72000122070312
2024-10-17,139.33999633789062,136.92999267578125
2024-10-18,138.6699981689453,138.0
2024-10-21,138.1300048828125,143.7100067138672
2024-10-22,142.91000366210938,143.58999633789062
2024-10-23,142.02999877929688,139.55999755859375
2024-10-24,140.82000732421875,140.41000366210938
2024-10-25,140.92999267578125,141.5399932861328
2024-10-28,143.0,140.52000427246094
2024-10-29,140.2899932861328,141.25
2024-10-30,139.5399932861328,139.33999633789062
2024-10-31,137.60000610351562,132.75999450683594
2024-11-01,134.6999969482422,135.39999389648438
2024-11-04,137.2100067138672,136.0500030517578
2024-11-05,137.4499969482422,139.91000366210938
2024-11-06,142.9600067138672,145.61000061035156
2024-11-07,146.38999938964844,148.8800048828125
2024-11-08,148.77000427246094,147.6300048828125
2024-11-11,148.67999267578125,145.25999450683594
2024-11-12,146.77999877929688,148.2899932861328
2024-11-13,149.07000732421875,146.27000427246094
2024-11-14,147.63999938964844,146.75999450683594
2024-11-15,144.8699951171875,141.97999572753906
2024-11-18,139.5,140.14999389648438
2024-11-19,141.32000732421875,147.00999450683594
2024-11-20,147.41000366210938,145.88999938964844
2024-11-21,149.35000610351562,146.6699981689453
2024-11-22,145.92999267578125,141.9499969482422
2024-11-25,141.99000549316406,136.02000427246094
2024-11-26,137.6999969482422,136.9199981689453
2024-11-27,135.00999450683594,135.33999633789062
2024-11-29,136.77999877929688,138.25
2024-12-02,138.8300018310547,138.6300048828125
2024-12-03,138.25999450683594,140.25999450683594
2024-12-04,142.0,145.13999938964844
2024-12-05,145.11000061035156,145.05999755859375
2024-12-06,144.60000610351562,142.44000244140625
2024-12-09,138.97000122070312,138.80999755859375
